,minutes,station,elevation
0,0,0,0.0
1,87,CALSPHERE 4A,22.07900300992259
2,87,CALSPHERE 4A,22.079003009922612
3,88,CALSPHERE 4A,31.353379445979698
4,88,CALSPHERE 4A,31.35337944597969
5,89,CALSPHERE 4A,39.309131265887494
6,89,CALSPHERE 4A,39.30913126588747
7,90,CALSPHERE 4A,45.601965920202574
8,90,CALSPHERE 4A,45.60196592020254
9,91,CALSPHERE 4A,46.22914414977115
10,91,CALSPHERE 4A,46.22914414977114
11,92,CALSPHERE 4A,40.57105204526942
12,92,CALSPHERE 4A,40.57105204526941
13,93,CALSPHERE 4A,32.567105904204766
14,93,CALSPHERE 4A,32.56710590420477
15,94,CALSPHERE 4A,25.00481850874996
16,94,CALSPHERE 4A,25.004818508749977
17,95,CALSPHERE 4A,18.588695408623792
18,95,CALSPHERE 4A,18.58869540862378
19,96,CALSPHERE 4A,13.228123573328695
20,96,CALSPHERE 4A,13.228123573328702
21,26,RIGIDSPHERE 2 (LCS 4),44.172901820679684
22,26,RIGIDSPHERE 2 (LCS 4),44.17290182067967
23,27,RIGIDSPHERE 2 (LCS 4),47.47696663678279
24,27,RIGIDSPHERE 2 (LCS 4),47.47696663678286
25,28,RIGIDSPHERE 2 (LCS 4),29.040237672704638
26,28,RIGIDSPHERE 2 (LCS 4),29.040237672704677
27,29,RIGIDSPHERE 2 (LCS 4),19.007938037483015
28,29,RIGIDSPHERE 2 (LCS 4),19.007938037482997
29,30,RIGIDSPHERE 2 (LCS 4),12.497912593794664
30,30,RIGIDSPHERE 2 (LCS 4),12.49791259379468
31,87,CALSPHERE 4A,22.079003009922616
32,88,CALSPHERE 4A,31.353379445979716
33,89,CALSPHERE 4A,39.309131265887444
34,90,CALSPHERE 4A,45.60196592020257
35,91,CALSPHERE 4A,46.22914414977115
36,92,CALSPHERE 4A,40.571052045269454
37,93,CALSPHERE 4A,32.56710590420483
38,94,CALSPHERE 4A,25.00481850874996
39,95,CALSPHERE 4A,18.58869540862375
40,96,CALSPHERE 4A,13.228123573328707
41,26,RIGIDSPHERE 2 (LCS 4),44.17290182067966
42,27,RIGIDSPHERE 2 (LCS 4),47.47696663678278
43,28,RIGIDSPHERE 2 (LCS 4),29.040237672704613
44,29,RIGIDSPHERE 2 (LCS 4),19.007938037483022
45,30,RIGIDSPHERE 2 (LCS 4),12.49791259379469
46,5,FORTE,13.806843526668992
47,6,FORTE,25.835961179164702
48,7,FORTE,17.10139242684107
49,70,ORBCOMM FM04,32.35521200419605
50,71,ORBCOMM FM04,23.989519648978476
51,59,SWAS,15.91840089571644
52,96,DLR-TUBSAT,23.796673194000665
53,97,DLR-TUBSAT,23.420892551800492
54,98,DLR-TUBSAT,14.073354556211253
55,2,MTI,21.67317272844606
56,93,MTI,11.59853212335673
57,15,SCISAT 1,28.33744031864354
58,16,SCISAT 1,18.20091729192923
59,93,CHUANGXIN 1 (CX-1),14.680900735819483
60,94,CHUANGXIN 1 (CX-1),35.38332631257243
61,51,APRIZESAT 2,60.26895002513441
62,95,FORMOSAT-3 FM5,15.398831784487083
63,96,FORMOSAT-3 FM5,15.509247225105112
64,68,ARIRANG-2 (KOMPSAT-2),15.764089889497965
65,92,SAUDICOMSAT 6,10.542861016881757
66,93,SAUDICOMSAT 6,17.23307679989598
67,94,SAUDICOMSAT 6,16.275068227357043
68,95,SAUDICOMSAT 6,10.989497608071176
69,36,AIM,26.058967172127005
70,37,AIM,19.408619566336103
71,36,YAOGAN 2,12.01891473798609
72,37,YAOGAN 2,16.16044269894726
73,38,YAOGAN 2,11.899860205588807
74,72,COSMO-SKYMED 1,15.255807587257282
75,73,COSMO-SKYMED 1,23.945432692813014
76,98,COSMOS 2428,11.862231846789417
77,99,COSMOS 2428,29.609210851127028
78,100,COSMOS 2428,24.86357083616855
79,25,COSMO-SKYMED 2,23.936234912575898
80,1,COSMO-SKYMED 3,11.71294676596203
81,96,COSMO-SKYMED 3,23.409810358039714
82,97,COSMO-SKYMED 3,21.485599784995927
83,14,STARS (KUKAI),57.92384598780035
84,21,KKS-1 (KISEKI),40.72405595903897
85,25,COSMOS 2451,23.652745786735466
86,26,COSMOS 2451,69.26474070649037
87,27,COSMOS 2451,60.366679148431906
88,28,COSMOS 2451,36.00047040068384
89,29,COSMOS 2451,24.078356821369113
90,30,COSMOS 2451,16.91183593165269
91,31,COSMOS 2451,11.92873857206525
92,83,COSMOS 2451,17.332548380486124
93,21,COSMOS 2453,10.01857677315382
94,22,COSMOS 2453,17.779696707750904
95,82,COSMOS 2453,24.09236058847883
96,83,COSMOS 2453,42.32237520546825
97,84,COSMOS 2453,52.5478376608119
98,85,COSMOS 2453,47.10174510580534
99,86,COSMOS 2453,37.07833904357502
100,87,COSMOS 2453,28.48333187657565
101,88,COSMOS 2453,21.701751235644416
102,89,COSMOS 2453,16.253549387075022
103,90,COSMOS 2453,11.72749220694811
104,44,DEIMOS-1,21.826618832761277
105,25,DUBAISAT-1,57.15865048278067
106,33,UK-DMC 2,11.36607344717947
107,34,UK-DMC 2,13.502643393311459
108,41,SWISSCUBE,44.861341407649846
109,90,BEESAT-1,46.88487718301664
110,95,ITUPSAT1,21.68702034971881
111,96,ITUPSAT1,13.276939709460505
112,76,SMOS,54.28483203213418
113,49,PROBA-2,10.97619331674225
114,50,PROBA-2,33.94283714741998
115,65,YAOGAN 7,40.87562745031718
116,111,YAOGAN 8,13.492366073374603
117,8,COSMOS 2463,15.346081015510594
118,9,COSMOS 2463,59.38921172942826
119,10,COSMOS 2463,17.466178396358632
120,60,COSMOS 2463,10.41137624860979
121,12,AISSAT 1,12.691188153412934
122,13,AISSAT 1,48.48633626321283
123,93,TISAT 1,39.1630611530503
124,6,TIANHUI 1,11.207297999020332
125,18,COSMOS 2467,26.580111994920657
126,19,COSMOS 2467,45.957927421784326
127,20,COSMOS 2467,54.72689756434625
128,21,COSMOS 2467,46.74321999926304
129,22,COSMOS 2467,36.05827049506553
130,23,COSMOS 2467,27.47791763022022
131,24,COSMOS 2467,20.83418023163173
132,25,COSMOS 2467,15.523370817253973
133,26,COSMOS 2467,11.112773967588243
134,75,COSMOS 2467,13.491175805627373
135,76,COSMOS 2467,12.0934147134909
136,53,STRELA 3,18.751594126821004
137,54,STRELA 3,37.86066680206237
138,55,STRELA 3,52.9529041620727
139,56,STRELA 3,50.84383709524504
140,57,STRELA 3,40.32620018273781
141,58,STRELA 3,30.88400668984801
142,59,STRELA 3,23.53110321224386
143,60,STRELA 3,17.726489746689694
144,61,STRELA 3,12.973676505681611
145,111,STRELA 3,14.05612016027195
146,4,COSMOS 2468,12.872191699368237
147,5,COSMOS 2468,33.088833404563964
148,6,COSMOS 2468,53.910522538346626
149,7,COSMOS 2468,56.681579299584634
150,8,COSMOS 2468,44.64226645185331
151,9,COSMOS 2468,33.68145426191832
152,10,COSMOS 2468,25.500293468512602
153,11,COSMOS 2468,19.252377141683848
154,12,COSMOS 2468,14.251212728369298
155,13,COSMOS 2468,10.075633709137573
156,62,COSMOS 2468,14.204690087765039
157,63,COSMOS 2468,11.28453315568421
158,65,SBSS (USA 216),19.53073509390695
159,42,COSMO-SKYMED 4,11.371391900013961
160,43,COSMO-SKYMED 4,19.061740115792507
161,78,SJ-11-02,59.370147962306824
162,32,APRIZESAT 5,30.373687511153086
163,53,APRIZESAT 6,14.017066011963804
164,54,APRIZESAT 6,11.840602917779753
165,20,LARES,18.461691571281722
166,21,LARES,32.526703860390256
167,22,LARES,39.66714166308929
168,23,LARES,31.452705070059622
169,24,LARES,20.64093276255278
170,25,LARES,12.37772964363003
171,49,YAOGAN 15,11.295977070664811
172,50,YAOGAN 15,16.662652554452137
173,51,YAOGAN 15,22.74729575654924
174,52,YAOGAN 15,27.815257207084912
175,53,YAOGAN 15,27.04881292404595
176,54,YAOGAN 15,18.64103213663219
177,14,KANOPUS-V 1,11.430164092870132
178,43,BKA 2,51.80968549452779
179,31,COSMOS 2481,26.701637669150724
180,32,COSMOS 2481,51.09769468277218
181,33,COSMOS 2481,61.564964849835306
182,34,COSMOS 2481,48.48422506850544
183,35,COSMOS 2481,35.81577630369176
184,36,COSMOS 2481,26.77293433361683
185,37,COSMOS 2481,20.105967086577213
186,38,COSMOS 2481,14.893155633979777
187,39,COSMOS 2481,10.607613571791095
188,88,COSMOS 2481,13.580702276764521
189,89,COSMOS 2481,13.63492179841917
190,14,GONETS-M 3,13.17482386071871
191,15,GONETS-M 3,34.023760224034426
192,16,GONETS-M 3,55.45567423607051
193,17,GONETS-M 3,56.412551064743084
194,18,GONETS-M 3,43.40543468608568
195,19,GONETS-M 3,32.415104446229286
196,20,GONETS-M 3,24.36615921680825
197,21,GONETS-M 3,18.251759344985214
198,22,GONETS-M 3,13.36161488697157
199,72,GONETS-M 3,14.682742599380214
200,73,GONETS-M 3,10.570167140038519
201,47,GONETS-M 4,17.031306221466924
202,48,GONETS-M 4,33.26292880872169
203,49,GONETS-M 4,45.80548036265728
204,50,GONETS-M 4,46.134994021710966
205,51,GONETS-M 4,38.343760169337386
206,52,GONETS-M 4,29.99838884422948
207,53,GONETS-M 4,23.023941114169276
208,54,GONETS-M 4,17.341496420793504
209,55,GONETS-M 4,12.617342231822809
210,104,GONETS-M 4,10.580392042726265
211,105,GONETS-M 4,13.1753366576954
212,41,GOKTURK 2,46.85094993080701
213,104,COSMOS 2482,10.216074291219014
214,105,COSMOS 2482,14.94824747000373
215,106,COSMOS 2482,21.03582639908635
216,107,COSMOS 2482,29.62069354667768
217,108,COSMOS 2482,43.39304414543884
218,109,COSMOS 2482,68.02205548923038
219,110,COSMOS 2482,61.780376413209204
220,111,COSMOS 2482,25.01666657153808
221,92,COSMOS 2483,10.675507765165566
222,93,COSMOS 2483,15.513094112373386
223,94,COSMOS 2483,21.801600707664445
224,95,COSMOS 2483,30.81179571368522
225,96,COSMOS 2483,45.599017793686
226,97,COSMOS 2483,72.15499022563698
227,98,COSMOS 2483,56.416422849121524
228,99,COSMOS 2483,21.12992037147096
229,30,COSMOS 2484,12.019789445343307
230,31,COSMOS 2484,16.635748131307995
231,32,COSMOS 2484,21.87274626470624
232,33,COSMOS 2484,27.60427028340486
233,34,COSMOS 2484,32.99347512840408
234,35,COSMOS 2484,35.633882954568044
235,36,COSMOS 2484,32.371209865719095
236,37,COSMOS 2484,23.433573736068052
237,38,COSMOS 2484,11.97845857086088
238,81,SARAL,12.247188014654649
239,82,SARAL,67.79530916900893
240,27,SAPPHIRE,50.30393563437759
241,12,NEOSSAT,21.56025702785233
242,13,NEOSSAT,10.829167040248295
243,8,STRAND-1,53.28805981782231
244,88,IRIS,24.30848650760724
245,89,IRIS,16.491943197814514
246,58,SJ-11-05,21.806963787831197
247,59,SJ-11-05,70.46101842927453
248,84,ARIRANG-5 (KOMPSAT-5),53.460180006103585
249,13,POPACS 1,13.312221874813334
250,14,POPACS 1,18.059136745922434
251,15,POPACS 1,22.551468287482493
252,16,POPACS 1,24.56845528471875
253,17,POPACS 1,21.113357511141476
254,18,POPACS 1,12.825538272278672
255,94,SHIJIAN-16 (SJ-16),22.78717493592498
256,95,SHIJIAN-16 (SJ-16),22.402384266057318
257,0,WNISAT-1,26.27556698243272
258,1,WNISAT-1,49.19157179774864
259,2,WNISAT-1,19.776889280805758
260,98,WNISAT-1,62.27809381901799
261,8,SHIYAN 5 (SY-5),11.818637771596642
262,9,SHIYAN 5 (SY-5),15.570026665191335
263,10,SHIYAN 5 (SY-5),13.19709506248227
264,79,COSMOS 2488,12.163523502194803
265,80,COSMOS 2488,53.374566215448866
266,81,COSMOS 2488,21.835497706933985
267,41,COSMOS 2489,17.051168927091297
268,42,COSMOS 2489,53.972876258684735
269,43,COSMOS 2489,27.715539705811295
270,99,COSMOS 2489,15.338537787896357
271,100,COSMOS 2489,11.88849518838767
272,3,COSMOS 2490,13.524180681907547
273,4,COSMOS 2490,30.663869697696843
274,5,COSMOS 2490,74.34184712887891
275,6,COSMOS 2490,18.331128371718115
276,61,COSMOS 2490,11.289516568513681
277,62,COSMOS 2490,13.736323825871356
278,45,COSMOS 2493 (SKRL-756 1),25.780748283987702
279,24,COSMOS 2494 (SKRL-756 2),23.23434593944284
280,3,COSMOS 2496,19.12984018340498
281,63,COSMOS 2496,55.46179176831436
282,64,COSMOS 2496,41.64440492407668
283,65,COSMOS 2496,17.480231363420618
284,22,COSMOS 2497,66.29273818432296
285,23,COSMOS 2497,25.15594267671509
286,79,COSMOS 2497,18.47846350049908
287,80,COSMOS 2497,10.52127286215869
288,42,COSMOS 2498,19.89659002416632
289,102,COSMOS 2498,51.50450453423459
290,103,COSMOS 2498,58.652348881355046
291,104,COSMOS 2498,29.27622591042596
292,105,COSMOS 2498,17.103506161164358
293,106,COSMOS 2498,10.345251994817449
294,12,KAZEOSAT 2,63.54599180761554
295,13,KAZEOSAT 2,14.6710212262569
296,85,HODOYOSHI-4,18.978992790022378
297,60,UNISAT-6,13.56396563279006
298,65,DEIMOS-2,22.109467847953685
299,66,DEIMOS-2,19.90298030625354
300,35,HODOYOSHI-3,13.271840455798532
301,67,SAUDISAT 4,40.60013430091703
302,84,APRIZESAT 9,41.72715804112964
303,41,APRIZESAT 10,19.659137138837657
304,42,APRIZESAT 10,24.177463123932334
305,9,BRITE-CA1 (TORONTO),17.567754422207386
306,10,BRITE-CA1 (TORONTO),16.356166758175366
307,73,NANOSATC-BR1,13.218266448918554
308,74,NANOSATC-BR1,11.544749183654796
309,52,QB50P1,11.932803765231744
310,53,QB50P1,11.99746121503683
311,55,DTUSAT-2,15.760041698957924
312,56,DTUSAT-2,18.283089792933904
313,57,DTUSAT-2,11.0614708686118
314,39,PERSEUS-M2,21.73998166202624
315,40,PERSEUS-M2,23.66751087046993
316,41,PERSEUS-M2,12.289397469261976
317,88,PERSEUS-M1,13.273497316067402
318,89,PERSEUS-M1,56.72822453321292
319,90,PERSEUS-M1,13.09999452713368
320,95,TIGRISAT,23.1375392129504
321,16,LEMUR-1,18.199055920587117
322,37,AEROCUBE 6A,17.826878157495095
323,48,AEROCUBE 6B,16.58628378470364
324,37,CANX-4,15.736491015034812
325,38,CANX-4,16.81578193068049
326,43,CANX-5,10.021991148572445
327,44,CANX-5,14.684837227059552
328,45,CANX-5,13.234559234136086
329,90,DX1,16.84555914778367
330,0,SKYSAT-B,33.78231436748941
331,96,SKYSAT-B,18.713012254096572
332,78,AISSAT 2,13.839794368675875
333,5,TECHDEMOSAT-1 (TDS-1),38.99911696455854
334,24,FIREBIRD 4,13.299466499232471
335,23,COSMOS 2504,33.16329930357563
336,24,COSMOS 2504,14.591712921567385
337,24,DMC3-FM1,43.111836064658085
338,56,DMC3-FM2,58.6680196716294
339,87,DMC3-FM3,33.23006900208559
340,45,COSMOS 2507,21.61397930109193
341,46,COSMOS 2507,44.44308712330649
342,47,COSMOS 2507,60.63931442026972
343,48,COSMOS 2507,52.1426087007211
344,49,COSMOS 2507,39.122822237016834
345,50,COSMOS 2507,29.364681935601663
346,51,COSMOS 2507,22.173313287153487
347,52,COSMOS 2507,16.59881999208233
348,53,COSMOS 2507,12.057548241922191
349,102,COSMOS 2507,10.965920357922633
350,103,COSMOS 2507,14.292995429190613
351,22,COSMOS 2508,18.32366713052144
352,82,COSMOS 2508,16.57698754084118
353,83,COSMOS 2508,28.342988935478637
354,84,COSMOS 2508,36.25270452060443
355,85,COSMOS 2508,37.154787502048265
356,86,COSMOS 2508,32.77718733628255
357,87,COSMOS 2508,26.817933243058906
358,88,COSMOS 2508,21.094891366161068
359,89,COSMOS 2508,16.04295342476217
360,90,COSMOS 2508,11.63980292066974
361,4,COSMOS 2509,29.81607768428295
362,5,COSMOS 2509,71.47871864769064
363,6,COSMOS 2509,61.60708241314218
364,7,COSMOS 2509,39.20901613040999
365,8,COSMOS 2509,27.207258496496955
366,9,COSMOS 2509,19.697005780926215
367,10,COSMOS 2509,14.357251262534575
368,11,COSMOS 2509,10.208633748584381
369,61,COSMOS 2509,12.69896150897625
370,62,COSMOS 2509,15.630651697798317
371,54,MVL-300,11.676124153813824
372,11,AIST-2D (RS-48),36.726717628041484
373,84,QSS (MOZI),48.68367429973875
374,22,WORLDVIEW-4,19.201487307234185
375,23,GOKTURK 1A,10.174139448853927
376,24,GOKTURK 1A,65.93811947950543
377,25,GOKTURK 1A,12.915335598243248
378,91,IRIDIUM 106,12.365227468362784
379,92,IRIDIUM 106,27.067235980150052
380,93,IRIDIUM 106,33.41967743561928
381,94,IRIDIUM 106,26.199233710347656
382,95,IRIDIUM 106,17.581527255495054
383,96,IRIDIUM 106,11.012517155729238
384,73,IRIDIUM 103,29.721416393734277
385,74,IRIDIUM 103,54.98572330039485
386,75,IRIDIUM 103,39.50571876067895
387,76,IRIDIUM 103,24.02278442762775
388,77,IRIDIUM 103,14.955506274846096
389,82,IRIDIUM 109,19.129696508459773
390,83,IRIDIUM 109,38.76681597185309
391,84,IRIDIUM 109,39.483907977538834
392,85,IRIDIUM 109,26.43676815770411
393,86,IRIDIUM 109,16.82615299010686
394,87,IRIDIUM 109,10.247499802850504
395,36,IRIDIUM 102,53.78316915422508
396,37,IRIDIUM 102,44.23864190086901
397,38,IRIDIUM 102,23.92151946697474
398,39,IRIDIUM 102,14.914794179559207
399,54,IRIDIUM 104,21.716050511489506
400,55,IRIDIUM 104,74.44350867806348
401,56,IRIDIUM 104,47.99634237998156
402,57,IRIDIUM 104,26.599994871394795
403,58,IRIDIUM 104,16.48599167331512
404,59,IRIDIUM 104,10.152239441403472
405,63,IRIDIUM 114,13.007976837789553
406,64,IRIDIUM 114,46.03404688752573
407,65,IRIDIUM 114,62.12883241327983
408,66,IRIDIUM 114,33.994242463191235
409,67,IRIDIUM 114,20.502902184816712
410,68,IRIDIUM 114,12.709978399543878
411,6,IRIDIUM 108,10.351093344162553
412,7,IRIDIUM 108,10.584976983282711
413,45,IRIDIUM 112,34.67563290367291
414,46,IRIDIUM 112,70.37752022143003
415,47,IRIDIUM 112,33.97411831337327
416,48,IRIDIUM 112,20.253132312501364
417,49,IRIDIUM 112,12.779271333065822
418,26,IRIDIUM 111,16.402911914353005
419,27,IRIDIUM 111,58.68712182083058
420,28,IRIDIUM 111,28.84454412723838
421,29,IRIDIUM 111,16.82650275865124
422,30,IRIDIUM 111,10.530463256320578
423,26,KANOPUS-V-IK,46.09681359341526
424,27,KANOPUS-V-IK,15.77621619750827
425,65,NORSAT 1,11.162841155915643
426,71,NORSAT 2,14.170055627976964
427,3,TECHNOSAT,41.57066817660534
428,61,FLYING LAPTOP,10.253137247283329
429,89,WNISAT 1R,28.41653968079697
430,77,LEMUR-2-GREENBERG,16.381429409298157
431,72,LEMUR-2-ANDIS,14.119965961895069
432,33,LEMUR-2-MONSON,33.57271290607328
433,60,LEMUR-2-FURIAUS,21.49411191650051
434,17,LEMUR-2-PETERG,14.661470469991583
435,9,LEMUR-2-DEMBITZ,36.147830747447706
436,60,LEMUR-2-ZACHARY,13.404764179972736
437,68,CORVUS BC2,36.365663188270766
438,26,CORVUS BC1,12.21283220327776
439,51,FLOCK 2K-21,14.236412489467241
440,42,FLOCK 2K-7,19.444370871900116
441,36,FLOCK 2K-39,20.2431594226912
442,16,FLOCK 2K-29,17.284293240874277
443,6,FLOCK 2K-44,18.98357096656299
444,65,FLOCK 2K-41,18.804565086156266
445,94,FLOCK 2K-35,20.859724436280164
446,89,FLOCK 2K-19,11.656701916820966
447,80,FLOCK 2K-15,20.632862452719458
448,91,NOAA 20,12.070161413329261
449,92,NOAA 20,20.06825106289236
450,93,NOAA 20,19.863422968277867
451,94,NOAA 20,14.257272722695252
452,0,BUCCANEER RMM,52.6429636678046
453,1,BUCCANEER RMM,34.78273018724457
454,2,BUCCANEER RMM,16.446671374777274
455,95,BUCCANEER RMM,15.60304327434209
456,96,BUCCANEER RMM,33.154946801873145
457,8,MIRATA,22.91311390197486
458,9,MIRATA,59.93709250015668
459,10,MIRATA,26.791270459621675
460,11,MIRATA,12.95566957714859
461,57,MAKERSAT 0,83.68620099021268
462,58,MAKERSAT 0,20.51897152465055
463,20,RADFXSAT (FOX-1B),32.291751549044236
464,21,RADFXSAT (FOX-1B),52.4338649782006
465,22,RADFXSAT (FOX-1B),20.189774002765876
466,7,KANOPUS-V 3,13.128295014551806
467,8,KANOPUS-V 3,29.903376365986034
468,9,KANOPUS-V 3,12.020650385363579
469,63,KANOPUS-V 4,55.2145650648304
470,68,LEMUR-2-JIN-LUEN,71.08183123043936
471,3,LEMUR-2-URAMCHANSOL,12.708414267840022
472,4,LEMUR-2-URAMCHANSOL,38.800317787751354
473,5,LEMUR-2-URAMCHANSOL,16.472474350425276
474,1,LEMUR-2-KADI,20.669684449814834
475,2,LEMUR-2-KADI,31.434872853225173
476,3,LEMUR-2-KADI,12.536718835776709
477,96,LEMUR-2-KADI,54.759365494131565
478,80,LEMUR-2-THENICKMOLO,44.169178198178855
479,81,LEMUR-2-THENICKMOLO,11.363356936947968
480,58,S-NET D,38.00619608875094
481,59,S-NET D,19.233660540968312
482,58,S-NET B,54.53968796343949
483,59,S-NET B,16.01542668433538
484,58,S-NET A,43.338163641174724
485,59,S-NET A,17.969840500490765
486,59,S-NET C,72.88922734991095
487,60,S-NET C,11.03111701157314
488,20,FENGMANIU-1 (FMN-1),10.769057770430393
489,21,FENGMANIU-1 (FMN-1),11.293334961703959
490,15,NUSAT-4 (ADA),12.20993076143878
491,15,NUSAT-5 (MARYAM),10.661770637543484
492,16,NUSAT-5 (MARYAM),11.689152613594004
493,19,IRIDIUM 161,32.143835898594105
494,20,IRIDIUM 161,35.75229034745404
495,21,IRIDIUM 161,17.818279109894885
496,22,IRIDIUM 161,10.473100370532732
497,0,IRIDIUM 152,17.578342129323627
498,101,IRIDIUM 152,18.530507489961114
499,8,IRIDIUM 147,41.93446056292173
500,9,IRIDIUM 147,26.756058228637947
501,10,IRIDIUM 147,13.604014584829079
502,17,IRIDIUM 110,26.40761949048828
503,18,IRIDIUM 110,41.100234737292624
504,19,IRIDIUM 110,20.034402636230354
505,20,IRIDIUM 110,11.839641878450726
506,10,IRIDIUM 162,42.37568366149725
507,11,IRIDIUM 162,24.95933078030594
508,12,IRIDIUM 162,12.644232909129565
509,55,SURFSAT,11.739686720047425
510,56,SURFSAT,28.866739223667793
511,57,SURFSAT,25.857227900318968
512,80,CP7 (DAVE),11.361898416932798
513,81,CP7 (DAVE),12.01624746945476
514,22,ELFIN-B,16.495677154377166
515,23,ELFIN-B,34.34608464956432
516,56,ELFIN-A,13.424600936006403
517,57,ELFIN-A,36.82241724713266
518,58,ELFIN-A,20.81318573643937
519,68,SSTL S1-4,32.13331099477213
520,55,NOVASAR 1,36.15319450987675
521,84,SAOCOM 1A,11.220263159738137
522,85,SAOCOM 1A,38.58915575352229
523,35,COSMOS 2528,18.277666017828032
524,36,COSMOS 2528,23.554353799954747
525,37,COSMOS 2528,14.44569317897736
526,66,IRVINE01,15.88050566143911
527,54,PROXIMA I,11.256160529653206
528,8,LEMUR-2-CHANUSIAK,15.909207624740292
529,92,COSMOS 2530,12.752748082555907
530,93,COSMOS 2530,18.03512075038387
531,94,COSMOS 2530,24.955120073634546
532,95,COSMOS 2530,34.88979615386812
533,96,COSMOS 2530,50.78241623707172
534,97,COSMOS 2530,72.75906277650509
535,98,COSMOS 2530,50.00114650832047
536,99,COSMOS 2530,19.656439803075
537,13,COSMOS 2531,12.238686765943024
538,14,COSMOS 2531,16.543933666062507
539,15,COSMOS 2531,21.171771355923088
540,16,COSMOS 2531,25.74847112650354
541,17,COSMOS 2531,29.223652168700376
542,18,COSMOS 2531,29.713761321830656
543,19,COSMOS 2531,25.732917239665383
544,20,COSMOS 2531,17.943212843102522
545,59,COSMOS 2532,13.896921166884745
546,60,COSMOS 2532,19.288946643232183
547,61,COSMOS 2532,26.01617979233848
548,62,COSMOS 2532,34.71430514772447
549,63,COSMOS 2532,45.701391125559645
550,64,COSMOS 2532,54.64965761408716
551,65,COSMOS 2532,46.86200908174021
552,66,COSMOS 2532,27.45150028673174
553,82,KANOPUS-V 5,48.787603271559895
554,45,KANOPUS-V 6,51.50293999146959
555,19,ISAT,42.07487950235549
556,20,ISAT,21.564316216209317
557,2,UWE-4,22.01590662879069
558,3,UWE-4,27.387933181567714
559,4,UWE-4,11.81207142221693
560,97,UWE-4,41.047767027772466
561,55,D-STAR ONE (SPARROW),21.543746826788382
562,56,D-STAR ONE (SPARROW),28.77390292551441
563,55,LEMUR-2-CHRISTINAHOLT,43.6935880908934
564,56,LEMUR-2-CHRISTINAHOLT,19.2014505247835
565,91,LEMUR-2-TINYKEV,41.81451052550544
566,26,LEMUR-2-REMY-COLTON,45.01474644931752
567,27,LEMUR-2-REMY-COLTON,20.11078012891685
568,67,LEMUR-2-GUSTAVO,67.4412354135127
569,68,LEMUR-2-GUSTAVO,10.058540822196441
570,87,LEMUR-2-ZO,11.49959519770173
571,88,LEMUR-2-ZO,27.815017404302427
572,82,LEMUR-2-NATALIEMURRAY,71.50337380483832
573,39,LEMUR-2-SARAHBETTYBOO,10.324481993818818
574,40,LEMUR-2-SARAHBETTYBOO,58.258321741847006
575,41,LEMUR-2-SARAHBETTYBOO,14.426611282796452
576,67,LEMUR-2-DAISY-HARPER,49.90190891910467
577,68,LEMUR-2-DAISY-HARPER,16.10867866494245
578,44,GRUS-1A,53.84038051274951
579,70,FLOCK 3K-4,17.330111545560957
580,49,FLOCK 3K-2,10.076098298339593
581,50,FLOCK 3K-2,12.620648520598333
582,34,FLOCK 3K-5,26.834961315102785
583,22,FLOCK 3K-7,26.568877818445834
584,23,FLOCK 3K-7,12.083677780577888
585,42,FLOCK 3K-12,48.64919220203021
586,91,FLOCK 3K-11,28.993004864372182
587,81,FLOCK 3K-10,28.528625608626523
588,9,FLOCK 3K-9,14.349721356308178
589,10,FLOCK 3K-9,22.455702296086056
590,1,ZACUBE-2,22.15638289754861
591,2,ZACUBE-2,18.822806095210844
592,27,LUME 1,26.422121170562008
593,28,LUME 1,10.664905883690736
594,102,ONEWEB-0012,28.76750047064705
595,104,ONEWEB-0010,14.04434597796008
596,100,ONEWEB-0008,31.862268563785424
597,107,ONEWEB-0007,18.37879474338409
598,109,ONEWEB-0006,38.214824442628974
599,0,ONEWEB-0011,44.36765248361746
600,1,ONEWEB-0011,53.899183769267225
601,2,ONEWEB-0011,12.768670920797042
602,84,GAOFEN 10R,10.221907251405476
603,85,GAOFEN 10R,11.258847383300312
604,92,PALISADE,10.901860173571647
605,93,PALISADE,14.366727591401583
606,94,PALISADE,18.165049341042074
607,95,PALISADE,22.572436298182375
608,96,PALISADE,28.440032939054227
609,97,PALISADE,38.51603428297037
610,98,PALISADE,50.29156219597457
611,60,CSG-1,12.438906626350025
612,61,CSG-1,24.707420906707117
613,58,CHEOPS,61.74997856590035
614,57,EYESAT-NANO,20.54902390780713
615,41,GONETS-M 14,17.491019237658918
616,42,GONETS-M 14,11.802059581596632
617,102,GONETS-M 14,18.66735571963976
618,103,GONETS-M 14,26.500469078779215
619,104,GONETS-M 14,30.2355220607172
620,105,GONETS-M 14,29.40299185343828
621,106,GONETS-M 14,25.72550187653984
622,107,GONETS-M 14,21.098106828451073
623,108,GONETS-M 14,16.49827454706357
624,109,GONETS-M 14,12.24989686295759
625,23,GONETS-M 15,34.89667380714109
626,24,GONETS-M 15,69.55625113119419
627,25,GONETS-M 15,61.67134644098443
628,26,GONETS-M 15,41.81709245199097
629,27,GONETS-M 15,29.875045129129564
630,28,GONETS-M 15,22.046475368238273
631,29,GONETS-M 15,16.353825334598874
632,30,GONETS-M 15,11.88029250242563
633,80,GONETS-M 15,15.761450468033647
634,81,GONETS-M 15,12.28775261548447
635,59,GONETS-M 16,20.300715045434988
636,60,GONETS-M 16,38.86772385601923
637,61,GONETS-M 16,52.32799626263239
638,62,GONETS-M 16,49.51244141964862
639,63,GONETS-M 16,39.43265214528837
640,64,GONETS-M 16,30.334712083316877
641,65,GONETS-M 16,23.159740446628117
642,66,GONETS-M 16,17.443020251529624
643,67,GONETS-M 16,12.73312164066159
644,116,GONETS-M 16,11.783829495037399
645,36,RS-44 & BREEZE-KM R/B,11.645126666548945
646,37,RS-44 & BREEZE-KM R/B,13.761835098725959
647,38,RS-44 & BREEZE-KM R/B,13.466223198734678
648,39,RS-44 & BREEZE-KM R/B,11.51468960104653
649,5,GAOFEN 9-02,13.36814872341815
650,6,GAOFEN 9-02,36.257102543672325
651,66,HAIYANG-1D,10.213668249089435
652,67,HAIYANG-1D,10.79939172284041
653,57,ANDESITE,55.189452528316366
654,45,M2 PATHFINDER,35.01855126823856
655,33,SAOCOM 1B,49.15520030404689
656,2,GNOMES-1,11.59630466723582
657,97,GNOMES-1,35.144944920943445
658,93,TYVAK-0172,14.067022883869367
659,94,TYVAK-0172,27.296874831356018
660,86,NORBI,13.597789854375568
661,83,LEMUR-2-NICHOL,13.167889796032343
662,84,LEMUR-2-NICHOL,11.670664073666021
663,78,NETSAT-4,12.21730265533739
664,87,NETSAT-3,13.110648362532396
665,88,NETSAT-3,14.904671681201785
666,96,NETSAT-1,15.698194817504309
667,2,CORVUS BC5,15.875625749392617
668,3,CORVUS BC5,23.73555427604834
669,31,SPACEBEE-33,11.280309126125823
670,27,SPACEBEE-32,11.42898987196664
671,28,SPACEBEE-32,11.261768492788526
672,32,SPACEBEE-30,10.619455296389715
673,32,SPACEBEE-31,11.12748461385068
674,27,SPACEBEE-28,11.688154074538266
675,28,SPACEBEE-28,10.943088623405073
676,30,SPACEBEE-29,11.571012493160998
677,24,SPACEBEE-27,12.222515592759626
678,25,SPACEBEE-27,12.2806965706642
679,14,SPACEBEE-25,17.44448218765705
680,15,SPACEBEE-25,11.96993553936899
681,29,SPACEBEE-24,11.936872658493858
682,13,SPACEBEE-22,14.154035950579013
683,14,SPACEBEE-22,17.182055021218904
684,4,DRAGRACER 1 (ALCHEMY),20.801261677752404
685,18,DRAGRACER 2 (AUGURY),14.522954936555642
686,19,DRAGRACER 2 (AUGURY),12.998695686003721
687,30,SPACEBEE-26,11.599247111072673
688,16,SPACEBEE-23,10.905318739293833
689,17,SPACEBEE-23,16.731110313158148
690,19,STRIX-ALPHA,64.07339876714911
691,20,YAOGAN-33,65.63598698939163
692,21,YAOGAN-33,15.180834994601858
693,94,WEINA 2,32.98923230774144
694,93,YAOGAN-31 G,14.27932806136052
695,94,YAOGAN-31 G,19.59953553508877
696,95,YAOGAN-31 G,18.086309337380214
697,96,YAOGAN-31 G,11.77987136631286
698,93,YAOGAN-31 H,15.365075846621808
699,94,YAOGAN-31 H,19.951778381552963
700,95,YAOGAN-31 H,17.380738362779674
701,96,YAOGAN-31 H,10.7589414887933
702,93,YAOGAN-31 J,16.397667494157165
703,94,YAOGAN-31 J,19.957124412054107
704,95,YAOGAN-31 J,16.375255096597215
705,29,CAS500-1,12.263217013773328
706,30,CAS500-1,32.04188800447451
707,5,GRUS-1C,16.69910653513323
708,6,GRUS-1C,48.04126748860353
709,7,GRUS-1C,15.068171098176284
710,62,GRUS-1B,25.081419600085106
711,63,GRUS-1B,19.607955381948383
712,81,GRUS-1E,35.1166603583231
713,82,GRUS-1E,11.906804606239886
714,24,GRUS-1D,55.211368402082904
715,25,GRUS-1D,20.543182087077795
716,14,DMSAT-1,39.65648917003784
717,15,DMSAT-1,22.601434636591893
718,66,HIBER-3,31.4417024364471
719,67,HIBER-3,12.590178394008948
720,8,ELSA-D,14.437427075162171
721,9,ELSA-D,47.2984793077231
722,10,ELSA-D,12.33599512091141
723,9,UNISAT-7,14.63718713392752
724,10,UNISAT-7,46.859465052525884
725,11,UNISAT-7,12.080990923673074
726,53,LACUNASAT-2B,41.73588033283465
727,54,LACUNASAT-2B,13.566964242093992
728,76,KEPLER-7 (C3PO),58.36244085398621
729,92,KMSL,27.76175347170759
730,91,CUBESX-SIRIUS-HSE,46.890504858864624
731,88,CUBESX-HSE,32.65056577044816
732,82,KSU-CUBESAT,27.965867084002642
733,79,KEPLER-6 (ROCINANTE),21.407415306202736
734,9,CHALLENGE ONE,59.89161456714862
735,10,CHALLENGE ONE,15.258293116982387
736,88,GRBALPHA,51.152594439176895
737,83,ORBICRAFT-ZORKY,32.29296400939794
738,78,3B5GSAT (SATELIOT 1),20.133251678484026
739,79,3B5GSAT (SATELIOT 1),13.451258899943122
740,1,STECCO,18.690697256030003
741,2,STECCO,38.67295883519662
742,3,STECCO,11.731452388391464
743,96,STECCO,17.378370777484733
744,68,DIY-1 (ARDUIQUBE),11.029600560237707
745,69,DIY-1 (ARDUIQUBE),22.874912582915233
746,75,SMOG-1,34.72629577872634
747,22,BCCSAT-1,10.357427205976144
748,23,BCCSAT-1,55.98116287454449
749,24,BCCSAT-1,11.16830567113343
750,19,FEES,54.28376438155478
751,20,FEES,18.25075112374464
752,49,ONEWEB-0179,11.15762627914817
753,50,ONEWEB-0179,13.376708775918065
754,51,ONEWEB-0179,11.911680010675665
755,53,ONEWEB-0180,12.100013139724295
756,54,ONEWEB-0180,15.716333589074619
757,55,ONEWEB-0180,16.15743897078499
758,56,ONEWEB-0180,11.69684139485778
759,62,ONEWEB-0218,13.75605558417457
760,63,ONEWEB-0218,19.25180537345161
761,64,ONEWEB-0218,20.106715485553867
762,65,ONEWEB-0218,13.210922893604257
763,68,ONEWEB-0189,13.176047175543767
764,69,ONEWEB-0189,20.227288957277143
765,70,ONEWEB-0189,26.50018930150225
766,71,ONEWEB-0189,23.70142159555607
767,72,ONEWEB-0189,12.681278043624976
768,39,ONEWEB-0196,10.089958589616828
769,87,ONEWEB-0183,10.54379059931081
770,88,ONEWEB-0183,18.380508629422028
771,89,ONEWEB-0183,31.82166285538452
772,90,ONEWEB-0183,52.379556668255766
773,91,ONEWEB-0183,35.22680271940311
774,92,ONEWEB-0183,11.583010579358044
775,97,ONEWEB-0185,11.848054973896318
776,98,ONEWEB-0185,20.242356984835258
777,99,ONEWEB-0185,35.68025464860162
778,100,ONEWEB-0185,70.28035942616752
779,101,ONEWEB-0185,41.57237598257185
780,73,ONEWEB-0187,15.49854800719284
781,74,ONEWEB-0187,24.09595585466378
782,75,ONEWEB-0187,31.566312135655377
783,76,ONEWEB-0187,25.428678694916044
784,77,ONEWEB-0187,11.532901757289553
785,62,ONEWEB-0219,11.320450538339337
786,63,ONEWEB-0219,17.176683429407575
787,64,ONEWEB-0219,20.988254355392044
788,65,ONEWEB-0219,17.110244925893248
789,75,ONEWEB-0202,10.793295386301129
790,76,ONEWEB-0202,18.156841829353485
791,77,ONEWEB-0202,28.519659962126468
792,78,ONEWEB-0202,35.321799690598986
793,79,ONEWEB-0202,23.726467848246376
794,84,ONEWEB-0204,16.036039735834013
795,85,ONEWEB-0204,26.801844402275314
796,86,ONEWEB-0204,43.550211126931124
797,87,ONEWEB-0204,40.97036276795245
798,88,ONEWEB-0204,18.185505897559008
799,81,ONEWEB-0206,10.590683445821169
800,82,ONEWEB-0206,17.811630288923713
801,83,ONEWEB-0206,28.806478216917075
802,84,ONEWEB-0206,42.59506829893519
803,85,ONEWEB-0206,35.424102597356026
804,86,ONEWEB-0206,15.622128399486646
805,53,ONEWEB-0182,13.315427000416339
806,54,ONEWEB-0182,14.342227069926887
807,55,ONEWEB-0182,10.377786125461842
808,58,ONEWEB-0220,12.361156987914725
809,59,ONEWEB-0220,16.758249333874254
810,60,ONEWEB-0220,16.980598033979142
811,61,ONEWEB-0220,11.02594197114412
812,61,ONEWEB-0199,13.139763360304128
813,62,ONEWEB-0199,18.718167575069778
814,63,ONEWEB-0199,21.324154263502745
815,64,ONEWEB-0199,16.519270199766485
816,62,ONEWEB-0203,13.704592325915964
817,63,ONEWEB-0203,19.40010177738131
818,64,ONEWEB-0203,21.92095539698014
819,65,ONEWEB-0203,16.778589843639715
820,78,ONEWEB-0197,14.410275104330953
821,79,ONEWEB-0197,23.19628880595849
822,80,ONEWEB-0197,34.86512008566103
823,81,ONEWEB-0197,36.22665972950294
824,82,ONEWEB-0197,20.169669148521244
825,68,ONEWEB-0194,15.534028777268382
826,69,ONEWEB-0194,22.711941531623935
827,70,ONEWEB-0194,24.834611336020206
828,71,ONEWEB-0194,16.315524073431824
829,84,ONEWEB-0191,13.692357974552161
830,85,ONEWEB-0191,22.99290022173334
831,86,ONEWEB-0191,37.95359026788134
832,87,ONEWEB-0191,43.805735953988595
833,88,ONEWEB-0191,22.475788403227245
834,43,ONEWEB-0195,10.082353920184445
835,44,ONEWEB-0195,11.571264125188257
836,45,ONEWEB-0195,10.10871002870379
837,73,ONEWEB-0201,16.91309918136829
838,74,ONEWEB-0201,26.150384337689463
839,75,ONEWEB-0201,29.81491996875265
840,76,ONEWEB-0201,18.539085428618414
841,99,ONEWEB-0200,11.320588129935917
842,100,ONEWEB-0200,19.536480560475518
843,101,ONEWEB-0200,34.76218201530612
844,95,ONEWEB-0217,15.24899966120797
845,96,ONEWEB-0217,25.71555843775497
846,97,ONEWEB-0217,46.36968263416028
847,98,ONEWEB-0217,65.45474884452719
848,99,ONEWEB-0217,27.118476071717524
849,0,HAIYANG-2D,10.111378217781999
850,1,HAIYANG-2D,17.97316733598226
851,2,HAIYANG-2D,18.498765820719907
852,3,HAIYANG-2D,12.093523133496245
853,29,ONEWEB-0211,14.294088439295304
854,30,ONEWEB-0211,23.558181521183467
855,17,ONEWEB-0230,14.759020924080778
856,18,ONEWEB-0230,40.385018831564906
857,29,ONEWEB-0237,12.130792408990215
858,30,ONEWEB-0237,27.5920623266204
859,20,ONEWEB-0235,11.833427263600395
860,21,ONEWEB-0235,22.4972455708737
861,22,ONEWEB-0235,47.61199152289725
862,23,ONEWEB-0235,15.480590496337644
863,20,ONEWEB-0242,10.113497339916847
864,21,ONEWEB-0242,26.375293744327085
865,22,ONEWEB-0242,14.399213231785442
866,32,ONEWEB-0241,19.572486570539315
867,51,ONEWEB-0243,16.021810191548862
868,23,ONEWEB-0244,14.720024939814177
869,24,ONEWEB-0244,26.500069526120445
870,30,ONEWEB-0247,17.734481655052218
871,31,ONEWEB-0247,14.514445521037384
872,24,ONEWEB-0245,20.87680263067987
873,25,ONEWEB-0245,24.003220036878698
874,1,ONEWEB-0229,14.68281045831195
875,2,ONEWEB-0229,50.51284310464604
876,3,ONEWEB-0229,21.053703977169068
877,20,ONEWEB-0228,15.409637007061221
878,21,ONEWEB-0228,37.57402502248604
879,76,ONEWEB-0232,14.620896872195047
880,87,ONEWEB-0231,11.334230724074514
881,44,ONEWEB-0234,17.520193971358765
882,82,ONEWEB-0238,10.235354973889887
883,8,ONEWEB-0240,13.238202186339228
884,9,ONEWEB-0240,40.69489832411639
885,10,ONEWEB-0240,23.221344362763748
886,53,ONEWEB-0246,17.411481299416256
887,11,ONEWEB-0210,16.96189129682062
888,12,ONEWEB-0210,54.76748123068043
889,13,ONEWEB-0210,14.33253450052638
890,67,ONEWEB-0214,13.504666226485831
891,69,ONEWEB-0221,12.26433142139795
892,65,ONEWEB-0212,13.345821393904854
893,4,ONEWEB-0227,16.89707446463175
894,5,ONEWEB-0227,63.46128143469596
895,6,ONEWEB-0227,17.669484958074893
896,68,ONEWEB-0224,13.238244543552394
897,57,ONEWEB-0233,16.686952078136734
898,76,ONEWEB-0190,13.173950512868004
899,50,ONEWEB-0236,12.953704765255589
900,23,ONEWEB-0248,15.72354663567203
901,24,ONEWEB-0248,29.433477110432616
902,72,ONEWEB-0225,19.557609629999003
903,40,ONEWEB-0215,13.767526084533005
904,41,ONEWEB-0215,17.560890858958103
905,40,ONEWEB-0216,22.138717693484494
906,37,ODYSSEY,33.69752995824947
907,38,ODYSSEY,12.95561909793936
